{"cameraMode":{"drawMode":0,"name":"Shaded","section":"Shading Mode"},"sceneLighting":false,"audioPlay":false,"sceneViewState":{"m_AlwaysRefresh":false,"showFog":true,"showSkybox":false,"showFlares":true,"showImageEffects":true,"showParticleSystems":true,"showVisualEffectGraphs":true,"m_FxEnabled":true},"in2DMode":false,"pivot":{"x":-9.760872840881348,"y":25.530969619750978,"z":-5.294450759887695},"rotation":{"x":0.18272115290164948,"y":0.08836435526609421,"z":-0.016454964876174928,"w":0.9790803790092468},"size":0.866025447845459,"orthographic":false}